entity_id,name,status,entity_class,schema_candidate,entity_home,owner,jsonld_ids,about_pages_count,about_pages,mentions_pages_count,mentions_pages,product_group_refs,product_group_pages,rendered_id_refs,rendered_node_defs,gsc_impressions,gsc_clicks,gsc_ctr,ai_citations,business_signal,notes
11d-adjustment,11D adjustment,confirmed,Feature,DefinedTerm,/articles/how-to-choose-chair-by-adjustability/,,https://aerocool.ua/articles/how-to-choose-chair-by-adjustability/#11d-adjustment,2,content/articles/how-to-choose-chair-by-adjustability/index.md; content/articles/how-to-choose-chair-by-adjustability/index.ru.md,42,content/articles/chair-for-computer-work/index.md; content/articles/chair-for-computer-work/index.ru.md; content/articles/chair-for-posture-and-long-work/index.md; content/articles/chair-for-posture-and-long-work/index.ru.md; content/articles/chair-setup-after-purchase/index.md; content/articles/chair-setup-after-purchase/index.ru.md; content/articles/chairs-for-office-team/index.md; content/articles/chairs-for-office-team/index.ru.md; content/articles/gaming-chair-long-sessions/index.md; content/articles/gaming-chair-long-sessions/index.ru.md; content/articles/sky-lite-vs-sky-360-guide/index.md; content/articles/sky-lite-vs-sky-360-guide/index.ru.md; content/articles/sky-vs-wing-vs-xtal/index.md; content/articles/sky-vs-wing-vs-xtal/index.ru.md; content/articles/sync4-sync5-mechanism-guide/index.md; content/articles/sync4-sync5-mechanism-guide/index.ru.md; content/articles/what-is-dual-backrest/index.md; content/articles/what-is-dual-backrest/index.ru.md; content/articles/wing-vs-xtal-comparison/index.md; content/articles/wing-vs-xtal-comparison/index.ru.md; content/news/2026-04-16-aerocool-wing-series-launch/index.md; content/news/2026-04-16-aerocool-wing-series-launch/index.ru.md; content/news/2026-04-18-aerocool-sky-360-launch/index.md; content/news/2026-04-18-aerocool-sky-360-launch/index.ru.md; content/news/2026-04-30-aerocool-sync4-sync5-mechanism-update/index.md; content/news/2026-04-30-aerocool-sync4-sync5-mechanism-update/index.ru.md; content/products/sky/360/index.md; content/products/sky/360/index.ru.md; content/products/sky/_index.md; content/products/sky/_index.ru.md; content/products/wing/_index.md; content/products/wing/_index.ru.md; content/products/wing/loft-air-dark-grey/index.md; content/products/wing/loft-air-dark-grey/index.ru.md; content/products/wing/loft-air-light-grey/index.md; content/products/wing/loft-air-light-grey/index.ru.md; content/products/wing/mesh-black/index.md; content/products/wing/mesh-black/index.ru.md; content/products/wing/racer-black/index.md; content/products/wing/racer-black/index.ru.md; content/products/wing/racer-dark-grey/index.md; content/products/wing/racer-dark-grey/index.ru.md,0,,120,44,pending-production,pending-production,pending-production,pending-production,pending-production,ok
7d-adjustment,7D adjustment,confirmed,Feature,DefinedTerm,/articles/how-to-choose-chair-by-adjustability/,,https://aerocool.ua/articles/how-to-choose-chair-by-adjustability/#7d-adjustment,2,content/articles/how-to-choose-chair-by-adjustability/index.md; content/articles/how-to-choose-chair-by-adjustability/index.ru.md,30,content/articles/chair-for-computer-work/index.md; content/articles/chair-for-computer-work/index.ru.md; content/articles/chair-for-posture-and-long-work/index.md; content/articles/chair-for-posture-and-long-work/index.ru.md; content/articles/chair-setup-after-purchase/index.md; content/articles/chair-setup-after-purchase/index.ru.md; content/articles/chairs-for-office-team/index.md; content/articles/chairs-for-office-team/index.ru.md; content/articles/gaming-chair-long-sessions/index.md; content/articles/gaming-chair-long-sessions/index.ru.md; content/articles/sky-vs-wing-vs-xtal/index.md; content/articles/sky-vs-wing-vs-xtal/index.ru.md; content/articles/what-is-fully-replaceable-design/index.md; content/articles/what-is-fully-replaceable-design/index.ru.md; content/articles/wing-vs-xtal-comparison/index.md; content/articles/wing-vs-xtal-comparison/index.ru.md; content/news/2026-04-17-aerocool-xtal-series-launch/index.md; content/news/2026-04-17-aerocool-xtal-series-launch/index.ru.md; content/products/xtal/_index.md; content/products/xtal/_index.ru.md; content/products/xtal/loft-air-dark-grey/index.md; content/products/xtal/loft-air-dark-grey/index.ru.md; content/products/xtal/loft-air-light-grey/index.md; content/products/xtal/loft-air-light-grey/index.ru.md; content/products/xtal/mesh-black/index.md; content/products/xtal/mesh-black/index.ru.md; content/products/xtal/racer-black/index.md; content/products/xtal/racer-black/index.ru.md; content/products/xtal/racer-dark-grey/index.md; content/products/xtal/racer-dark-grey/index.ru.md,0,,86,32,pending-production,pending-production,pending-production,pending-production,pending-production,ok
8d-adjustment,8D adjustment,confirmed,Feature,DefinedTerm,/articles/how-to-choose-chair-by-adjustability/,,https://aerocool.ua/articles/how-to-choose-chair-by-adjustability/#8d-adjustment,2,content/articles/how-to-choose-chair-by-adjustability/index.md; content/articles/how-to-choose-chair-by-adjustability/index.ru.md,22,content/articles/chair-for-computer-work/index.md; content/articles/chair-for-computer-work/index.ru.md; content/articles/chair-for-posture-and-long-work/index.md; content/articles/chair-for-posture-and-long-work/index.ru.md; content/articles/chair-setup-after-purchase/index.md; content/articles/chair-setup-after-purchase/index.ru.md; content/articles/chairs-for-office-team/index.md; content/articles/chairs-for-office-team/index.ru.md; content/articles/sky-lite-vs-sky-360-guide/index.md; content/articles/sky-lite-vs-sky-360-guide/index.ru.md; content/articles/sky-vs-wing-vs-xtal/index.md; content/articles/sky-vs-wing-vs-xtal/index.ru.md; content/articles/sync4-sync5-mechanism-guide/index.md; content/articles/sync4-sync5-mechanism-guide/index.ru.md; content/news/2026-04-19-aerocool-sky-lite-launch/index.md; content/news/2026-04-19-aerocool-sky-lite-launch/index.ru.md; content/news/2026-04-30-aerocool-sync4-sync5-mechanism-update/index.md; content/news/2026-04-30-aerocool-sync4-sync5-mechanism-update/index.ru.md; content/products/sky/_index.md; content/products/sky/_index.ru.md; content/products/sky/lite/index.md; content/products/sky/lite/index.ru.md,0,,70,24,pending-production,pending-production,pending-production,pending-production,pending-production,ok
about-page,About Aerocool Ukraine,confirmed,AboutPage,AboutPage,/about/,,https://aerocool.ua/about/#webpage,0,,0,,0,,2,1,pending-production,pending-production,pending-production,pending-production,pending-production,ok
aerocool-brand,Aerocool,confirmed,Brand,Brand,/about/,Global Aerocool + Aerocool Ukraine,https://aerocool.io/#brand,8,content/_index.md; content/_index.ru.md; content/about/index.md; content/about/index.ru.md; content/image-license/index.md; content/image-license/index.ru.md; content/news/_index.md; content/news/_index.ru.md,34,content/faq/index.md; content/faq/index.ru.md; content/products/_index.md; content/products/_index.ru.md; content/products/sky/360/index.md; content/products/sky/360/index.ru.md; content/products/sky/_index.md; content/products/sky/_index.ru.md; content/products/sky/lite/index.md; content/products/sky/lite/index.ru.md; content/products/wing/_index.md; content/products/wing/_index.ru.md; content/products/wing/loft-air-dark-grey/index.md; content/products/wing/loft-air-dark-grey/index.ru.md; content/products/wing/loft-air-light-grey/index.md; content/products/wing/loft-air-light-grey/index.ru.md; content/products/wing/mesh-black/index.md; content/products/wing/mesh-black/index.ru.md; content/products/wing/racer-black/index.md; content/products/wing/racer-black/index.ru.md; content/products/wing/racer-dark-grey/index.md; content/products/wing/racer-dark-grey/index.ru.md; content/products/xtal/_index.md; content/products/xtal/_index.ru.md; content/products/xtal/loft-air-dark-grey/index.md; content/products/xtal/loft-air-dark-grey/index.ru.md; content/products/xtal/loft-air-light-grey/index.md; content/products/xtal/loft-air-light-grey/index.ru.md; content/products/xtal/mesh-black/index.md; content/products/xtal/mesh-black/index.ru.md; content/products/xtal/racer-black/index.md; content/products/xtal/racer-black/index.ru.md; content/products/xtal/racer-dark-grey/index.md; content/products/xtal/racer-dark-grey/index.ru.md,0,,336,114,pending-production,pending-production,pending-production,pending-production,pending-production,ok
aerocool-catalog,Aerocool chairs catalog,confirmed,Collection,CollectionPage,/products/,Aerocool Ukraine,https://aerocool.ua/products/#collection,8,content/_index.md; content/_index.ru.md; content/articles/how-to-choose-aerocool-chair/index.md; content/articles/how-to-choose-aerocool-chair/index.ru.md; content/articles/sky-vs-wing-vs-xtal/index.md; content/articles/sky-vs-wing-vs-xtal/index.ru.md; content/products/_index.md; content/products/_index.ru.md,26,content/about/index.md; content/about/index.ru.md; content/articles/_index.md; content/articles/_index.ru.md; content/articles/best-chair-for-home-office/index.md; content/articles/best-chair-for-home-office/index.ru.md; content/articles/chair-for-computer-work/index.md; content/articles/chair-for-computer-work/index.ru.md; content/articles/chair-for-posture-and-long-work/index.md; content/articles/chair-for-posture-and-long-work/index.ru.md; content/articles/chair-setup-after-purchase/index.md; content/articles/chair-setup-after-purchase/index.ru.md; content/articles/chairs-for-office-team/index.md; content/articles/chairs-for-office-team/index.ru.md; content/articles/gaming-chair-long-sessions/index.md; content/articles/gaming-chair-long-sessions/index.ru.md; content/articles/what-is-dual-backrest/index.md; content/articles/what-is-dual-backrest/index.ru.md; content/articles/what-is-fully-replaceable-design/index.md; content/articles/what-is-fully-replaceable-design/index.ru.md; content/news/2026-05-21-aerocool-chair-selection-guides-update/index.md; content/news/2026-05-21-aerocool-chair-selection-guides-update/index.ru.md; content/news/2026-05-21-aerocool-practical-chair-guides-update/index.md; content/news/2026-05-21-aerocool-practical-chair-guides-update/index.ru.md; content/news/_index.md; content/news/_index.ru.md,0,,90,1,pending-production,pending-production,pending-production,pending-production,pending-production,ok
aerocool-global-organization,Aerocool Advanced Technologies Corp.,confirmed,Organization,Organization,https://aerocool.io/,Global Aerocool,https://aerocool.io/#organization,2,content/about/index.md; content/about/index.ru.md,2,content/image-license/index.md; content/image-license/index.ru.md,0,,460,114,pending-production,pending-production,pending-production,pending-production,pending-production,ok
aerocool-logo,Aerocool logo,confirmed,ImageObject,ImageObject,/,Aerocool Ukraine,https://aerocool.ua/#logo,0,,0,,0,,456,114,pending-production,pending-production,pending-production,pending-production,pending-production,ok
aerocool-ukraine,Aerocool Ukraine,confirmed,Organization,Organization,/about/,Aerocool Ukraine,https://aerocool.ua/#organization,8,content/_index.md; content/_index.ru.md; content/about/index.md; content/about/index.ru.md; content/contact/index.md; content/contact/index.ru.md; content/image-license/index.md; content/image-license/index.ru.md,2,content/faq/index.md; content/faq/index.ru.md,0,,512,114,pending-production,pending-production,pending-production,pending-production,pending-production,ok
aerocool-website,Aerocool Ukraine website,confirmed,WebSite,WebSite,/,Aerocool Ukraine,https://aerocool.ua/#website,0,,0,,0,,149,57,pending-production,pending-production,pending-production,pending-production,pending-production,ok
armrests-3d-x-360,3D X 360 armrests,confirmed,Feature,DefinedTerm,/products/sky/,,https://aerocool.ua/products/sky/#armrests-3d-x-360,0,,4,content/products/sky/360/index.md; content/products/sky/360/index.ru.md; content/products/sky/_index.md; content/products/sky/_index.ru.md,0,,10,4,pending-production,pending-production,pending-production,pending-production,pending-production,ok
armrests-4d-x-360,4D X 360 armrests,confirmed,Feature,DefinedTerm,/products/wing/,,https://aerocool.ua/products/wing/#armrests-4d-x-360,0,,12,content/products/wing/_index.md; content/products/wing/_index.ru.md; content/products/wing/loft-air-dark-grey/index.md; content/products/wing/loft-air-dark-grey/index.ru.md; content/products/wing/loft-air-light-grey/index.md; content/products/wing/loft-air-light-grey/index.ru.md; content/products/wing/mesh-black/index.md; content/products/wing/mesh-black/index.ru.md; content/products/wing/racer-black/index.md; content/products/wing/racer-black/index.ru.md; content/products/wing/racer-dark-grey/index.md; content/products/wing/racer-dark-grey/index.ru.md,0,,26,12,pending-production,pending-production,pending-production,pending-production,pending-production,ok
articles-collection,Aerocool articles,confirmed,Collection,CollectionPage,/articles/,,https://aerocool.ua/articles/#collection,6,content/articles/_index.md; content/articles/_index.ru.md; content/news/2026-05-21-aerocool-chair-selection-guides-update/index.md; content/news/2026-05-21-aerocool-chair-selection-guides-update/index.ru.md; content/news/2026-05-21-aerocool-practical-chair-guides-update/index.md; content/news/2026-05-21-aerocool-practical-chair-guides-update/index.ru.md,0,,0,,26,3,pending-production,pending-production,pending-production,pending-production,pending-production,ok
chair-selection,chair selection,confirmed,ContentTopic,DefinedTerm,/articles/how-to-choose-aerocool-chair/,,https://aerocool.ua/articles/how-to-choose-aerocool-chair/#chair-selection,20,content/articles/_index.md; content/articles/_index.ru.md; content/articles/best-chair-for-home-office/index.md; content/articles/best-chair-for-home-office/index.ru.md; content/articles/chair-for-computer-work/index.md; content/articles/chair-for-computer-work/index.ru.md; content/articles/chair-for-posture-and-long-work/index.md; content/articles/chair-for-posture-and-long-work/index.ru.md; content/articles/chair-setup-after-purchase/index.md; content/articles/chair-setup-after-purchase/index.ru.md; content/articles/chairs-for-office-team/index.md; content/articles/chairs-for-office-team/index.ru.md; content/articles/gaming-chair-long-sessions/index.md; content/articles/gaming-chair-long-sessions/index.ru.md; content/articles/how-to-choose-aerocool-chair/index.md; content/articles/how-to-choose-aerocool-chair/index.ru.md; content/news/2026-05-21-aerocool-chair-selection-guides-update/index.md; content/news/2026-05-21-aerocool-chair-selection-guides-update/index.ru.md; content/news/2026-05-21-aerocool-practical-chair-guides-update/index.md; content/news/2026-05-21-aerocool-practical-chair-guides-update/index.ru.md,2,content/articles/sky-vs-wing-vs-xtal/index.md; content/articles/sky-vs-wing-vs-xtal/index.ru.md,0,,78,26,pending-production,pending-production,pending-production,pending-production,pending-production,ok
computer-chair,computer chair,confirmed,UseCase,DefinedTerm,/products/,,https://aerocool.ua/products/#computer-chair,36,content/articles/chair-for-computer-work/index.md; content/articles/chair-for-computer-work/index.ru.md; content/articles/chair-setup-after-purchase/index.md; content/articles/chair-setup-after-purchase/index.ru.md; content/articles/chairs-for-office-team/index.md; content/articles/chairs-for-office-team/index.ru.md; content/products/sky/360/index.md; content/products/sky/360/index.ru.md; content/products/sky/_index.md; content/products/sky/_index.ru.md; content/products/sky/lite/index.md; content/products/sky/lite/index.ru.md; content/products/wing/_index.md; content/products/wing/_index.ru.md; content/products/wing/loft-air-dark-grey/index.md; content/products/wing/loft-air-dark-grey/index.ru.md; content/products/wing/loft-air-light-grey/index.md; content/products/wing/loft-air-light-grey/index.ru.md; content/products/wing/mesh-black/index.md; content/products/wing/mesh-black/index.ru.md; content/products/wing/racer-black/index.md; content/products/wing/racer-black/index.ru.md; content/products/wing/racer-dark-grey/index.md; content/products/wing/racer-dark-grey/index.ru.md; content/products/xtal/_index.md; content/products/xtal/_index.ru.md; content/products/xtal/loft-air-dark-grey/index.md; content/products/xtal/loft-air-dark-grey/index.ru.md; content/products/xtal/loft-air-light-grey/index.md; content/products/xtal/loft-air-light-grey/index.ru.md; content/products/xtal/mesh-black/index.md; content/products/xtal/mesh-black/index.ru.md; content/products/xtal/racer-black/index.md; content/products/xtal/racer-black/index.ru.md; content/products/xtal/racer-dark-grey/index.md; content/products/xtal/racer-dark-grey/index.ru.md,42,content/_index.md; content/_index.ru.md; content/articles/_index.md; content/articles/_index.ru.md; content/articles/best-chair-for-home-office/index.md; content/articles/best-chair-for-home-office/index.ru.md; content/articles/chair-for-posture-and-long-work/index.md; content/articles/chair-for-posture-and-long-work/index.ru.md; content/articles/gaming-chair-long-sessions/index.md; content/articles/gaming-chair-long-sessions/index.ru.md; content/articles/how-to-choose-aerocool-chair/index.md; content/articles/how-to-choose-aerocool-chair/index.ru.md; content/articles/racer-vs-loft-air-vs-mesh-materials/index.md; content/articles/racer-vs-loft-air-vs-mesh-materials/index.ru.md; content/articles/sky-lite-vs-sky-360-guide/index.md; content/articles/sky-lite-vs-sky-360-guide/index.ru.md; content/articles/sky-vs-wing-vs-xtal/index.md; content/articles/sky-vs-wing-vs-xtal/index.ru.md; content/articles/what-is-dual-backrest/index.md; content/articles/what-is-dual-backrest/index.ru.md; content/articles/what-is-fully-replaceable-design/index.md; content/articles/what-is-fully-replaceable-design/index.ru.md; content/articles/what-is-synchronous-tilt-guide/index.md; content/articles/what-is-synchronous-tilt-guide/index.ru.md; content/articles/wing-vs-xtal-comparison/index.md; content/articles/wing-vs-xtal-comparison/index.ru.md; content/faq/index.md; content/faq/index.ru.md; content/news/2026-04-15-aerocool-sky-series-launch/index.md; content/news/2026-04-15-aerocool-sky-series-launch/index.ru.md; content/news/2026-04-17-aerocool-xtal-series-launch/index.md; content/news/2026-04-17-aerocool-xtal-series-launch/index.ru.md; content/news/2026-04-18-aerocool-sky-360-launch/index.md; content/news/2026-04-18-aerocool-sky-360-launch/index.ru.md; content/news/2026-04-20-aerocool-loft-air-and-mesh-focus/index.md; content/news/2026-04-20-aerocool-loft-air-and-mesh-focus/index.ru.md; content/news/2026-05-21-aerocool-chair-selection-guides-update/index.md; content/news/2026-05-21-aerocool-chair-selection-guides-update/index.ru.md; content/news/2026-05-21-aerocool-practical-chair-guides-update/index.md; content/news/2026-05-21-aerocool-practical-chair-guides-update/index.ru.md; content/products/_index.md; content/products/_index.ru.md,0,,242,94,pending-production,pending-production,pending-production,pending-production,pending-production,ok
contact-page,Contacts,confirmed,ContactPage,ContactPage,/contact/,,https://aerocool.ua/contact/#webpage,0,,2,content/image-license/index.md; content/image-license/index.ru.md,0,,4,1,pending-production,pending-production,pending-production,pending-production,pending-production,ok
delivery-policy,Delivery,confirmed,Policy,OfferShippingDetails,/faq/,Aerocool Ukraine,https://aerocool.ua/faq/#delivery-policy,2,content/faq/index.md; content/faq/index.ru.md,26,content/contact/index.md; content/contact/index.ru.md; content/products/sky/360/index.md; content/products/sky/360/index.ru.md; content/products/sky/lite/index.md; content/products/sky/lite/index.ru.md; content/products/wing/loft-air-dark-grey/index.md; content/products/wing/loft-air-dark-grey/index.ru.md; content/products/wing/loft-air-light-grey/index.md; content/products/wing/loft-air-light-grey/index.ru.md; content/products/wing/mesh-black/index.md; content/products/wing/mesh-black/index.ru.md; content/products/wing/racer-black/index.md; content/products/wing/racer-black/index.ru.md; content/products/wing/racer-dark-grey/index.md; content/products/wing/racer-dark-grey/index.ru.md; content/products/xtal/loft-air-dark-grey/index.md; content/products/xtal/loft-air-dark-grey/index.ru.md; content/products/xtal/loft-air-light-grey/index.md; content/products/xtal/loft-air-light-grey/index.ru.md; content/products/xtal/mesh-black/index.md; content/products/xtal/mesh-black/index.ru.md; content/products/xtal/racer-black/index.md; content/products/xtal/racer-black/index.ru.md; content/products/xtal/racer-dark-grey/index.md; content/products/xtal/racer-dark-grey/index.ru.md,0,,56,28,pending-production,pending-production,pending-production,pending-production,pending-production,ok
dual-backrest,Dual backrest,confirmed,Feature,DefinedTerm,/articles/what-is-dual-backrest/,,https://aerocool.ua/articles/what-is-dual-backrest/#dual-backrest,2,content/articles/what-is-dual-backrest/index.md; content/articles/what-is-dual-backrest/index.ru.md,4,content/articles/chair-for-posture-and-long-work/index.md; content/articles/chair-for-posture-and-long-work/index.ru.md; content/articles/gaming-chair-long-sessions/index.md; content/articles/gaming-chair-long-sessions/index.ru.md,0,,18,6,pending-production,pending-production,pending-production,pending-production,pending-production,ok
ergonomic-chair,ergonomic chair,confirmed,UseCase,DefinedTerm,/products/,,https://aerocool.ua/products/#ergonomic-chair,4,content/articles/chair-for-posture-and-long-work/index.md; content/articles/chair-for-posture-and-long-work/index.ru.md; content/articles/chair-setup-after-purchase/index.md; content/articles/chair-setup-after-purchase/index.ru.md,16,content/articles/best-chair-for-home-office/index.md; content/articles/best-chair-for-home-office/index.ru.md; content/articles/chair-for-computer-work/index.md; content/articles/chair-for-computer-work/index.ru.md; content/articles/chairs-for-office-team/index.md; content/articles/chairs-for-office-team/index.ru.md; content/articles/sky-vs-wing-vs-xtal/index.md; content/articles/sky-vs-wing-vs-xtal/index.ru.md; content/articles/what-is-dual-backrest/index.md; content/articles/what-is-dual-backrest/index.ru.md; content/articles/what-is-fully-replaceable-design/index.md; content/articles/what-is-fully-replaceable-design/index.ru.md; content/news/2026-05-21-aerocool-practical-chair-guides-update/index.md; content/news/2026-05-21-aerocool-practical-chair-guides-update/index.ru.md; content/products/_index.md; content/products/_index.ru.md,0,,60,20,pending-production,pending-production,pending-production,pending-production,pending-production,ok
fabric-material,Fabric,confirmed,Material,DefinedTerm,/articles/racer-vs-loft-air-vs-mesh/,,https://aerocool.ua/articles/racer-vs-loft-air-vs-mesh/#fabric-material,0,,10,content/articles/racer-vs-loft-air-vs-mesh-materials/index.md; content/articles/racer-vs-loft-air-vs-mesh-materials/index.ru.md; content/products/wing/loft-air-dark-grey/index.md; content/products/wing/loft-air-dark-grey/index.ru.md; content/products/wing/loft-air-light-grey/index.md; content/products/wing/loft-air-light-grey/index.ru.md; content/products/xtal/loft-air-dark-grey/index.md; content/products/xtal/loft-air-dark-grey/index.ru.md; content/products/xtal/loft-air-light-grey/index.md; content/products/xtal/loft-air-light-grey/index.ru.md,0,,22,10,pending-production,pending-production,pending-production,pending-production,pending-production,ok
faq-page,FAQ,confirmed,FAQPage,FAQPage,/faq/,,https://aerocool.ua/faq/#faq,2,content/faq/index.md; content/faq/index.ru.md,0,,0,,4,1,pending-production,pending-production,pending-production,pending-production,pending-production,ok
gaming-chair,gaming chair,confirmed,UseCase,DefinedTerm,/products/,,https://aerocool.ua/products/#gaming-chair,14,content/articles/gaming-chair-long-sessions/index.md; content/articles/gaming-chair-long-sessions/index.ru.md; content/products/wing/_index.md; content/products/wing/_index.ru.md; content/products/wing/racer-black/index.md; content/products/wing/racer-black/index.ru.md; content/products/wing/racer-dark-grey/index.md; content/products/wing/racer-dark-grey/index.ru.md; content/products/xtal/_index.md; content/products/xtal/_index.ru.md; content/products/xtal/racer-black/index.md; content/products/xtal/racer-black/index.ru.md; content/products/xtal/racer-dark-grey/index.md; content/products/xtal/racer-dark-grey/index.ru.md,38,content/_index.md; content/_index.ru.md; content/articles/_index.md; content/articles/_index.ru.md; content/articles/how-to-choose-aerocool-chair/index.md; content/articles/how-to-choose-aerocool-chair/index.ru.md; content/articles/racer-vs-loft-air-vs-mesh-materials/index.md; content/articles/racer-vs-loft-air-vs-mesh-materials/index.ru.md; content/articles/sky-vs-wing-vs-xtal/index.md; content/articles/sky-vs-wing-vs-xtal/index.ru.md; content/articles/what-is-dual-backrest/index.md; content/articles/what-is-dual-backrest/index.ru.md; content/articles/what-is-fully-replaceable-design/index.md; content/articles/what-is-fully-replaceable-design/index.ru.md; content/articles/wing-vs-xtal-comparison/index.md; content/articles/wing-vs-xtal-comparison/index.ru.md; content/faq/index.md; content/faq/index.ru.md; content/news/2026-04-16-aerocool-wing-series-launch/index.md; content/news/2026-04-16-aerocool-wing-series-launch/index.ru.md; content/news/2026-04-17-aerocool-xtal-series-launch/index.md; content/news/2026-04-17-aerocool-xtal-series-launch/index.ru.md; content/news/2026-05-21-aerocool-chair-selection-guides-update/index.md; content/news/2026-05-21-aerocool-chair-selection-guides-update/index.ru.md; content/products/_index.md; content/products/_index.ru.md; content/products/wing/loft-air-dark-grey/index.md; content/products/wing/loft-air-dark-grey/index.ru.md; content/products/wing/loft-air-light-grey/index.md; content/products/wing/loft-air-light-grey/index.ru.md; content/products/wing/mesh-black/index.md; content/products/wing/mesh-black/index.ru.md; content/products/xtal/loft-air-dark-grey/index.md; content/products/xtal/loft-air-dark-grey/index.ru.md; content/products/xtal/loft-air-light-grey/index.md; content/products/xtal/loft-air-light-grey/index.ru.md; content/products/xtal/mesh-black/index.md; content/products/xtal/mesh-black/index.ru.md,0,,168,68,pending-production,pending-production,pending-production,pending-production,pending-production,ok
home-office,home office,confirmed,UseCase,DefinedTerm,/articles/how-to-choose-aerocool-chair/,,https://aerocool.ua/articles/how-to-choose-aerocool-chair/#home-office,28,content/articles/best-chair-for-home-office/index.md; content/articles/best-chair-for-home-office/index.ru.md; content/products/sky/360/index.md; content/products/sky/360/index.ru.md; content/products/sky/_index.md; content/products/sky/_index.ru.md; content/products/sky/lite/index.md; content/products/sky/lite/index.ru.md; content/products/wing/loft-air-dark-grey/index.md; content/products/wing/loft-air-dark-grey/index.ru.md; content/products/wing/loft-air-light-grey/index.md; content/products/wing/loft-air-light-grey/index.ru.md; content/products/wing/mesh-black/index.md; content/products/wing/mesh-black/index.ru.md; content/products/wing/racer-black/index.md; content/products/wing/racer-black/index.ru.md; content/products/wing/racer-dark-grey/index.md; content/products/wing/racer-dark-grey/index.ru.md; content/products/xtal/loft-air-dark-grey/index.md; content/products/xtal/loft-air-dark-grey/index.ru.md; content/products/xtal/loft-air-light-grey/index.md; content/products/xtal/loft-air-light-grey/index.ru.md; content/products/xtal/mesh-black/index.md; content/products/xtal/mesh-black/index.ru.md; content/products/xtal/racer-black/index.md; content/products/xtal/racer-black/index.ru.md; content/products/xtal/racer-dark-grey/index.md; content/products/xtal/racer-dark-grey/index.ru.md,52,content/_index.md; content/_index.ru.md; content/articles/_index.md; content/articles/_index.ru.md; content/articles/chair-for-computer-work/index.md; content/articles/chair-for-computer-work/index.ru.md; content/articles/chair-for-posture-and-long-work/index.md; content/articles/chair-for-posture-and-long-work/index.ru.md; content/articles/chair-setup-after-purchase/index.md; content/articles/chair-setup-after-purchase/index.ru.md; content/articles/chairs-for-office-team/index.md; content/articles/chairs-for-office-team/index.ru.md; content/articles/gaming-chair-long-sessions/index.md; content/articles/gaming-chair-long-sessions/index.ru.md; content/articles/how-to-choose-aerocool-chair/index.md; content/articles/how-to-choose-aerocool-chair/index.ru.md; content/articles/racer-vs-loft-air-vs-mesh-materials/index.md; content/articles/racer-vs-loft-air-vs-mesh-materials/index.ru.md; content/articles/sky-lite-vs-sky-360-guide/index.md; content/articles/sky-lite-vs-sky-360-guide/index.ru.md; content/articles/sky-vs-wing-vs-xtal/index.md; content/articles/sky-vs-wing-vs-xtal/index.ru.md; content/articles/what-is-dual-backrest/index.md; content/articles/what-is-dual-backrest/index.ru.md; content/articles/what-is-fully-replaceable-design/index.md; content/articles/what-is-fully-replaceable-design/index.ru.md; content/articles/what-is-synchronous-tilt-guide/index.md; content/articles/what-is-synchronous-tilt-guide/index.ru.md; content/articles/wing-vs-xtal-comparison/index.md; content/articles/wing-vs-xtal-comparison/index.ru.md; content/faq/index.md; content/faq/index.ru.md; content/news/2026-04-15-aerocool-sky-series-launch/index.md; content/news/2026-04-15-aerocool-sky-series-launch/index.ru.md; content/news/2026-04-16-aerocool-wing-series-launch/index.md; content/news/2026-04-16-aerocool-wing-series-launch/index.ru.md; content/news/2026-04-18-aerocool-sky-360-launch/index.md; content/news/2026-04-18-aerocool-sky-360-launch/index.ru.md; content/news/2026-04-19-aerocool-sky-lite-launch/index.md; content/news/2026-04-19-aerocool-sky-lite-launch/index.ru.md; content/news/2026-04-20-aerocool-loft-air-and-mesh-focus/index.md; content/news/2026-04-20-aerocool-loft-air-and-mesh-focus/index.ru.md; content/news/2026-05-21-aerocool-chair-selection-guides-update/index.md; content/news/2026-05-21-aerocool-chair-selection-guides-update/index.ru.md; content/news/2026-05-21-aerocool-practical-chair-guides-update/index.md; content/news/2026-05-21-aerocool-practical-chair-guides-update/index.ru.md; content/products/_index.md; content/products/_index.ru.md; content/products/wing/_index.md; content/products/wing/_index.ru.md; content/products/xtal/_index.md; content/products/xtal/_index.ru.md,0,,248,96,pending-production,pending-production,pending-production,pending-production,pending-production,ok
home-page,Homepage,confirmed,WebPage,WebPage,/,,https://aerocool.ua/#webpage,0,,0,,0,,7,7,pending-production,pending-production,pending-production,pending-production,pending-production,ok
hot-room,hot room,confirmed,UseCase,DefinedTerm,/articles/racer-vs-loft-air-vs-mesh/,,https://aerocool.ua/articles/racer-vs-loft-air-vs-mesh/#hot-room,0,,6,content/articles/racer-vs-loft-air-vs-mesh-materials/index.md; content/articles/racer-vs-loft-air-vs-mesh-materials/index.ru.md; content/products/wing/mesh-black/index.md; content/products/wing/mesh-black/index.ru.md; content/products/xtal/mesh-black/index.md; content/products/xtal/mesh-black/index.ru.md,0,,14,6,pending-production,pending-production,pending-production,pending-production,pending-production,ok
image-license-policy,Image usage rights,confirmed,Policy,Thing,/image-license/,Aerocool Ukraine + Global Aerocool,https://aerocool.ua/image-license/#image-license-policy,2,content/image-license/index.md; content/image-license/index.ru.md,0,,0,,4,2,pending-production,pending-production,pending-production,pending-production,pending-production,ok
leatherette-material,Leatherette,confirmed,Material,DefinedTerm,/articles/racer-vs-loft-air-vs-mesh/,,https://aerocool.ua/articles/racer-vs-loft-air-vs-mesh/#leatherette-material,0,,10,content/articles/racer-vs-loft-air-vs-mesh-materials/index.md; content/articles/racer-vs-loft-air-vs-mesh-materials/index.ru.md; content/products/wing/racer-black/index.md; content/products/wing/racer-black/index.ru.md; content/products/wing/racer-dark-grey/index.md; content/products/wing/racer-dark-grey/index.ru.md; content/products/xtal/racer-black/index.md; content/products/xtal/racer-black/index.ru.md; content/products/xtal/racer-dark-grey/index.md; content/products/xtal/racer-dark-grey/index.ru.md,0,,22,10,pending-production,pending-production,pending-production,pending-production,pending-production,ok
loft-air-material,Loft Air,confirmed,Material,DefinedTerm,/articles/racer-vs-loft-air-vs-mesh/,,https://aerocool.ua/articles/racer-vs-loft-air-vs-mesh/#loft-air-material,4,content/articles/racer-vs-loft-air-vs-mesh-materials/index.md; content/articles/racer-vs-loft-air-vs-mesh-materials/index.ru.md; content/news/2026-04-20-aerocool-loft-air-and-mesh-focus/index.md; content/news/2026-04-20-aerocool-loft-air-and-mesh-focus/index.ru.md,42,content/articles/_index.md; content/articles/_index.ru.md; content/articles/best-chair-for-home-office/index.md; content/articles/best-chair-for-home-office/index.ru.md; content/articles/chair-for-computer-work/index.md; content/articles/chair-for-computer-work/index.ru.md; content/articles/chair-for-posture-and-long-work/index.md; content/articles/chair-for-posture-and-long-work/index.ru.md; content/articles/chair-setup-after-purchase/index.md; content/articles/chair-setup-after-purchase/index.ru.md; content/articles/chairs-for-office-team/index.md; content/articles/chairs-for-office-team/index.ru.md; content/articles/gaming-chair-long-sessions/index.md; content/articles/gaming-chair-long-sessions/index.ru.md; content/articles/how-to-choose-aerocool-chair/index.md; content/articles/how-to-choose-aerocool-chair/index.ru.md; content/articles/sky-vs-wing-vs-xtal/index.md; content/articles/sky-vs-wing-vs-xtal/index.ru.md; content/articles/what-is-dual-backrest/index.md; content/articles/what-is-dual-backrest/index.ru.md; content/articles/what-is-fully-replaceable-design/index.md; content/articles/what-is-fully-replaceable-design/index.ru.md; content/articles/wing-vs-xtal-comparison/index.md; content/articles/wing-vs-xtal-comparison/index.ru.md; content/faq/index.md; content/faq/index.ru.md; content/news/2026-04-16-aerocool-wing-series-launch/index.md; content/news/2026-04-16-aerocool-wing-series-launch/index.ru.md; content/news/2026-04-17-aerocool-xtal-series-launch/index.md; content/news/2026-04-17-aerocool-xtal-series-launch/index.ru.md; content/products/wing/_index.md; content/products/wing/_index.ru.md; content/products/wing/loft-air-dark-grey/index.md; content/products/wing/loft-air-dark-grey/index.ru.md; content/products/wing/loft-air-light-grey/index.md; content/products/wing/loft-air-light-grey/index.ru.md; content/products/xtal/_index.md; content/products/xtal/_index.ru.md; content/products/xtal/loft-air-dark-grey/index.md; content/products/xtal/loft-air-dark-grey/index.ru.md; content/products/xtal/loft-air-light-grey/index.md; content/products/xtal/loft-air-light-grey/index.ru.md,0,,140,50,pending-production,pending-production,pending-production,pending-production,pending-production,ok
long-sitting,long sitting,confirmed,UseCase,DefinedTerm,/articles/chair-for-posture-and-long-work/,,https://aerocool.ua/articles/chair-for-posture-and-long-work/#long-sitting,4,content/articles/chair-for-posture-and-long-work/index.md; content/articles/chair-for-posture-and-long-work/index.ru.md; content/articles/gaming-chair-long-sessions/index.md; content/articles/gaming-chair-long-sessions/index.ru.md,4,content/articles/what-is-dual-backrest/index.md; content/articles/what-is-dual-backrest/index.ru.md; content/articles/what-is-fully-replaceable-design/index.md; content/articles/what-is-fully-replaceable-design/index.ru.md,0,,24,8,pending-production,pending-production,pending-production,pending-production,pending-production,ok
lumbar-support,Lumbar support,confirmed,Feature,DefinedTerm,/products/,,https://aerocool.ua/products/#lumbar-support,0,,30,content/products/sky/360/index.md; content/products/sky/360/index.ru.md; content/products/sky/_index.md; content/products/sky/_index.ru.md; content/products/sky/lite/index.md; content/products/sky/lite/index.ru.md; content/products/wing/_index.md; content/products/wing/_index.ru.md; content/products/wing/loft-air-dark-grey/index.md; content/products/wing/loft-air-dark-grey/index.ru.md; content/products/wing/loft-air-light-grey/index.md; content/products/wing/loft-air-light-grey/index.ru.md; content/products/wing/mesh-black/index.md; content/products/wing/mesh-black/index.ru.md; content/products/wing/racer-black/index.md; content/products/wing/racer-black/index.ru.md; content/products/wing/racer-dark-grey/index.md; content/products/wing/racer-dark-grey/index.ru.md; content/products/xtal/_index.md; content/products/xtal/_index.ru.md; content/products/xtal/loft-air-dark-grey/index.md; content/products/xtal/loft-air-dark-grey/index.ru.md; content/products/xtal/loft-air-light-grey/index.md; content/products/xtal/loft-air-light-grey/index.ru.md; content/products/xtal/mesh-black/index.md; content/products/xtal/mesh-black/index.ru.md; content/products/xtal/racer-black/index.md; content/products/xtal/racer-black/index.ru.md; content/products/xtal/racer-dark-grey/index.md; content/products/xtal/racer-dark-grey/index.ru.md,0,,66,30,pending-production,pending-production,pending-production,pending-production,pending-production,ok
mesh-material,Mesh,confirmed,Material,DefinedTerm,/articles/racer-vs-loft-air-vs-mesh/,,https://aerocool.ua/articles/racer-vs-loft-air-vs-mesh/#mesh-material,4,content/articles/racer-vs-loft-air-vs-mesh-materials/index.md; content/articles/racer-vs-loft-air-vs-mesh-materials/index.ru.md; content/news/2026-04-20-aerocool-loft-air-and-mesh-focus/index.md; content/news/2026-04-20-aerocool-loft-air-and-mesh-focus/index.ru.md,44,content/articles/_index.md; content/articles/_index.ru.md; content/articles/best-chair-for-home-office/index.md; content/articles/best-chair-for-home-office/index.ru.md; content/articles/chair-for-computer-work/index.md; content/articles/chair-for-computer-work/index.ru.md; content/articles/chair-for-posture-and-long-work/index.md; content/articles/chair-for-posture-and-long-work/index.ru.md; content/articles/chair-setup-after-purchase/index.md; content/articles/chair-setup-after-purchase/index.ru.md; content/articles/chairs-for-office-team/index.md; content/articles/chairs-for-office-team/index.ru.md; content/articles/gaming-chair-long-sessions/index.md; content/articles/gaming-chair-long-sessions/index.ru.md; content/articles/how-to-choose-aerocool-chair/index.md; content/articles/how-to-choose-aerocool-chair/index.ru.md; content/articles/sky-vs-wing-vs-xtal/index.md; content/articles/sky-vs-wing-vs-xtal/index.ru.md; content/articles/what-is-dual-backrest/index.md; content/articles/what-is-dual-backrest/index.ru.md; content/articles/what-is-fully-replaceable-design/index.md; content/articles/what-is-fully-replaceable-design/index.ru.md; content/articles/wing-vs-xtal-comparison/index.md; content/articles/wing-vs-xtal-comparison/index.ru.md; content/faq/index.md; content/faq/index.ru.md; content/news/2026-04-16-aerocool-wing-series-launch/index.md; content/news/2026-04-16-aerocool-wing-series-launch/index.ru.md; content/news/2026-04-17-aerocool-xtal-series-launch/index.md; content/news/2026-04-17-aerocool-xtal-series-launch/index.ru.md; content/products/sky/360/index.md; content/products/sky/360/index.ru.md; content/products/sky/_index.md; content/products/sky/_index.ru.md; content/products/sky/lite/index.md; content/products/sky/lite/index.ru.md; content/products/wing/_index.md; content/products/wing/_index.ru.md; content/products/wing/mesh-black/index.md; content/products/wing/mesh-black/index.ru.md; content/products/xtal/_index.md; content/products/xtal/_index.ru.md; content/products/xtal/mesh-black/index.md; content/products/xtal/mesh-black/index.ru.md,0,,146,52,pending-production,pending-production,pending-production,pending-production,pending-production,ok
news-collection,Aerocool news,confirmed,Collection,CollectionPage,/news/,,https://aerocool.ua/news/#collection,2,content/news/_index.md; content/news/_index.ru.md,0,,0,,12,2,pending-production,pending-production,pending-production,pending-production,pending-production,ok
office-chair,office chair,confirmed,UseCase,DefinedTerm,/products/,,https://aerocool.ua/products/#office-chair,30,content/articles/best-chair-for-home-office/index.md; content/articles/best-chair-for-home-office/index.ru.md; content/articles/chair-for-computer-work/index.md; content/articles/chair-for-computer-work/index.ru.md; content/articles/chair-for-posture-and-long-work/index.md; content/articles/chair-for-posture-and-long-work/index.ru.md; content/articles/chairs-for-office-team/index.md; content/articles/chairs-for-office-team/index.ru.md; content/products/sky/360/index.md; content/products/sky/360/index.ru.md; content/products/sky/_index.md; content/products/sky/_index.ru.md; content/products/sky/lite/index.md; content/products/sky/lite/index.ru.md; content/products/wing/_index.md; content/products/wing/_index.ru.md; content/products/wing/loft-air-dark-grey/index.md; content/products/wing/loft-air-dark-grey/index.ru.md; content/products/wing/loft-air-light-grey/index.md; content/products/wing/loft-air-light-grey/index.ru.md; content/products/wing/mesh-black/index.md; content/products/wing/mesh-black/index.ru.md; content/products/xtal/_index.md; content/products/xtal/_index.ru.md; content/products/xtal/loft-air-dark-grey/index.md; content/products/xtal/loft-air-dark-grey/index.ru.md; content/products/xtal/loft-air-light-grey/index.md; content/products/xtal/loft-air-light-grey/index.ru.md; content/products/xtal/mesh-black/index.md; content/products/xtal/mesh-black/index.ru.md,44,content/_index.md; content/_index.ru.md; content/articles/_index.md; content/articles/_index.ru.md; content/articles/chair-setup-after-purchase/index.md; content/articles/chair-setup-after-purchase/index.ru.md; content/articles/how-to-choose-aerocool-chair/index.md; content/articles/how-to-choose-aerocool-chair/index.ru.md; content/articles/racer-vs-loft-air-vs-mesh-materials/index.md; content/articles/racer-vs-loft-air-vs-mesh-materials/index.ru.md; content/articles/sky-lite-vs-sky-360-guide/index.md; content/articles/sky-lite-vs-sky-360-guide/index.ru.md; content/articles/sky-vs-wing-vs-xtal/index.md; content/articles/sky-vs-wing-vs-xtal/index.ru.md; content/articles/what-is-dual-backrest/index.md; content/articles/what-is-dual-backrest/index.ru.md; content/articles/what-is-fully-replaceable-design/index.md; content/articles/what-is-fully-replaceable-design/index.ru.md; content/articles/what-is-synchronous-tilt-guide/index.md; content/articles/what-is-synchronous-tilt-guide/index.ru.md; content/faq/index.md; content/faq/index.ru.md; content/news/2026-04-15-aerocool-sky-series-launch/index.md; content/news/2026-04-15-aerocool-sky-series-launch/index.ru.md; content/news/2026-04-16-aerocool-wing-series-launch/index.md; content/news/2026-04-16-aerocool-wing-series-launch/index.ru.md; content/news/2026-04-19-aerocool-sky-lite-launch/index.md; content/news/2026-04-19-aerocool-sky-lite-launch/index.ru.md; content/news/2026-04-20-aerocool-loft-air-and-mesh-focus/index.md; content/news/2026-04-20-aerocool-loft-air-and-mesh-focus/index.ru.md; content/news/2026-05-21-aerocool-chair-selection-guides-update/index.md; content/news/2026-05-21-aerocool-chair-selection-guides-update/index.ru.md; content/news/2026-05-21-aerocool-practical-chair-guides-update/index.md; content/news/2026-05-21-aerocool-practical-chair-guides-update/index.ru.md; content/products/_index.md; content/products/_index.ru.md; content/products/wing/racer-black/index.md; content/products/wing/racer-black/index.ru.md; content/products/wing/racer-dark-grey/index.md; content/products/wing/racer-dark-grey/index.ru.md; content/products/xtal/racer-black/index.md; content/products/xtal/racer-black/index.ru.md; content/products/xtal/racer-dark-grey/index.md; content/products/xtal/racer-dark-grey/index.ru.md,0,,230,90,pending-production,pending-production,pending-production,pending-production,pending-production,ok
online-store,Online store,do-not-markup,BusinessModel,OnlineStore,,,,0,,0,,0,,0,0,pending-production,pending-production,pending-production,pending-production,pending-production,do-not-markup
payment-policy,Payment,confirmed,Policy,Thing,/faq/,Aerocool Ukraine,https://aerocool.ua/faq/#payment-policy,2,content/faq/index.md; content/faq/index.ru.md,26,content/contact/index.md; content/contact/index.ru.md; content/products/sky/360/index.md; content/products/sky/360/index.ru.md; content/products/sky/lite/index.md; content/products/sky/lite/index.ru.md; content/products/wing/loft-air-dark-grey/index.md; content/products/wing/loft-air-dark-grey/index.ru.md; content/products/wing/loft-air-light-grey/index.md; content/products/wing/loft-air-light-grey/index.ru.md; content/products/wing/mesh-black/index.md; content/products/wing/mesh-black/index.ru.md; content/products/wing/racer-black/index.md; content/products/wing/racer-black/index.ru.md; content/products/wing/racer-dark-grey/index.md; content/products/wing/racer-dark-grey/index.ru.md; content/products/xtal/loft-air-dark-grey/index.md; content/products/xtal/loft-air-dark-grey/index.ru.md; content/products/xtal/loft-air-light-grey/index.md; content/products/xtal/loft-air-light-grey/index.ru.md; content/products/xtal/mesh-black/index.md; content/products/xtal/mesh-black/index.ru.md; content/products/xtal/racer-black/index.md; content/products/xtal/racer-black/index.ru.md; content/products/xtal/racer-dark-grey/index.md; content/products/xtal/racer-dark-grey/index.ru.md,0,,56,28,pending-production,pending-production,pending-production,pending-production,pending-production,ok
price-validity-policy,Price validity,confirmed,Policy,Thing,/faq/,Aerocool Ukraine,https://aerocool.ua/faq/#price-validity-policy,2,content/faq/index.md; content/faq/index.ru.md,0,,0,,4,2,pending-production,pending-production,pending-production,pending-production,pending-production,ok
racer-material,Racer,confirmed,Material,DefinedTerm,/articles/racer-vs-loft-air-vs-mesh/,,https://aerocool.ua/articles/racer-vs-loft-air-vs-mesh/#racer-material,2,content/articles/racer-vs-loft-air-vs-mesh-materials/index.md; content/articles/racer-vs-loft-air-vs-mesh-materials/index.ru.md,42,content/articles/_index.md; content/articles/_index.ru.md; content/articles/best-chair-for-home-office/index.md; content/articles/best-chair-for-home-office/index.ru.md; content/articles/chair-for-computer-work/index.md; content/articles/chair-for-computer-work/index.ru.md; content/articles/chair-for-posture-and-long-work/index.md; content/articles/chair-for-posture-and-long-work/index.ru.md; content/articles/chair-setup-after-purchase/index.md; content/articles/chair-setup-after-purchase/index.ru.md; content/articles/chairs-for-office-team/index.md; content/articles/chairs-for-office-team/index.ru.md; content/articles/gaming-chair-long-sessions/index.md; content/articles/gaming-chair-long-sessions/index.ru.md; content/articles/how-to-choose-aerocool-chair/index.md; content/articles/how-to-choose-aerocool-chair/index.ru.md; content/articles/sky-vs-wing-vs-xtal/index.md; content/articles/sky-vs-wing-vs-xtal/index.ru.md; content/articles/what-is-dual-backrest/index.md; content/articles/what-is-dual-backrest/index.ru.md; content/articles/what-is-fully-replaceable-design/index.md; content/articles/what-is-fully-replaceable-design/index.ru.md; content/articles/wing-vs-xtal-comparison/index.md; content/articles/wing-vs-xtal-comparison/index.ru.md; content/faq/index.md; content/faq/index.ru.md; content/news/2026-04-16-aerocool-wing-series-launch/index.md; content/news/2026-04-16-aerocool-wing-series-launch/index.ru.md; content/news/2026-04-17-aerocool-xtal-series-launch/index.md; content/news/2026-04-17-aerocool-xtal-series-launch/index.ru.md; content/products/wing/_index.md; content/products/wing/_index.ru.md; content/products/wing/racer-black/index.md; content/products/wing/racer-black/index.ru.md; content/products/wing/racer-dark-grey/index.md; content/products/wing/racer-dark-grey/index.ru.md; content/products/xtal/_index.md; content/products/xtal/_index.ru.md; content/products/xtal/racer-black/index.md; content/products/xtal/racer-black/index.ru.md; content/products/xtal/racer-dark-grey/index.md; content/products/xtal/racer-dark-grey/index.ru.md,0,,134,48,pending-production,pending-production,pending-production,pending-production,pending-production,ok
replaceable-elements,Replaceable elements,confirmed,Feature,DefinedTerm,/articles/what-is-fully-replaceable-design/,,https://aerocool.ua/articles/what-is-fully-replaceable-design/#replaceable-elements,2,content/articles/what-is-fully-replaceable-design/index.md; content/articles/what-is-fully-replaceable-design/index.ru.md,4,content/articles/chair-for-posture-and-long-work/index.md; content/articles/chair-for-posture-and-long-work/index.ru.md; content/articles/gaming-chair-long-sessions/index.md; content/articles/gaming-chair-long-sessions/index.ru.md,0,,18,6,pending-production,pending-production,pending-production,pending-production,pending-production,ok
return-policy,Returns,confirmed,Policy,MerchantReturnPolicy,/faq/,Aerocool Ukraine,https://aerocool.ua/faq/#return-policy,2,content/faq/index.md; content/faq/index.ru.md,26,content/contact/index.md; content/contact/index.ru.md; content/products/sky/360/index.md; content/products/sky/360/index.ru.md; content/products/sky/lite/index.md; content/products/sky/lite/index.ru.md; content/products/wing/loft-air-dark-grey/index.md; content/products/wing/loft-air-dark-grey/index.ru.md; content/products/wing/loft-air-light-grey/index.md; content/products/wing/loft-air-light-grey/index.ru.md; content/products/wing/mesh-black/index.md; content/products/wing/mesh-black/index.ru.md; content/products/wing/racer-black/index.md; content/products/wing/racer-black/index.ru.md; content/products/wing/racer-dark-grey/index.md; content/products/wing/racer-dark-grey/index.ru.md; content/products/xtal/loft-air-dark-grey/index.md; content/products/xtal/loft-air-dark-grey/index.ru.md; content/products/xtal/loft-air-light-grey/index.md; content/products/xtal/loft-air-light-grey/index.ru.md; content/products/xtal/mesh-black/index.md; content/products/xtal/mesh-black/index.ru.md; content/products/xtal/racer-black/index.md; content/products/xtal/racer-black/index.ru.md; content/products/xtal/racer-dark-grey/index.md; content/products/xtal/racer-dark-grey/index.ru.md,0,,56,28,pending-production,pending-production,pending-production,pending-production,pending-production,ok
review-layer,Review layer,do-not-markup,Review,Review,,,,0,,0,,0,,0,0,pending-production,pending-production,pending-production,pending-production,pending-production,do-not-markup
sky-360,Aerocool SKY 360,confirmed,Product,Product,/products/sky/360/,,https://aerocool.ua/products/sky/360/#product,6,content/articles/sky-lite-vs-sky-360-guide/index.md; content/articles/sky-lite-vs-sky-360-guide/index.ru.md; content/news/2026-04-18-aerocool-sky-360-launch/index.md; content/news/2026-04-18-aerocool-sky-360-launch/index.ru.md; content/products/sky/360/index.md; content/products/sky/360/index.ru.md,14,content/articles/how-to-choose-chair-by-adjustability/index.md; content/articles/how-to-choose-chair-by-adjustability/index.ru.md; content/articles/sky-vs-wing-vs-xtal/index.md; content/articles/sky-vs-wing-vs-xtal/index.ru.md; content/articles/sync4-sync5-mechanism-guide/index.md; content/articles/sync4-sync5-mechanism-guide/index.ru.md; content/news/2026-04-15-aerocool-sky-series-launch/index.md; content/news/2026-04-15-aerocool-sky-series-launch/index.ru.md; content/news/2026-04-19-aerocool-sky-lite-launch/index.md; content/news/2026-04-19-aerocool-sky-lite-launch/index.ru.md; content/news/2026-04-30-aerocool-sync4-sync5-mechanism-update/index.md; content/news/2026-04-30-aerocool-sync4-sync5-mechanism-update/index.ru.md; content/products/sky/_index.md; content/products/sky/_index.ru.md,0,,40,1,pending-production,pending-production,pending-production,pending-production,pending-production,ok
sky-lite,Aerocool SKY Lite,confirmed,Product,Product,/products/sky/lite/,,https://aerocool.ua/products/sky/lite/#product,6,content/articles/sky-lite-vs-sky-360-guide/index.md; content/articles/sky-lite-vs-sky-360-guide/index.ru.md; content/news/2026-04-19-aerocool-sky-lite-launch/index.md; content/news/2026-04-19-aerocool-sky-lite-launch/index.ru.md; content/products/sky/lite/index.md; content/products/sky/lite/index.ru.md,14,content/articles/how-to-choose-chair-by-adjustability/index.md; content/articles/how-to-choose-chair-by-adjustability/index.ru.md; content/articles/sky-vs-wing-vs-xtal/index.md; content/articles/sky-vs-wing-vs-xtal/index.ru.md; content/articles/sync4-sync5-mechanism-guide/index.md; content/articles/sync4-sync5-mechanism-guide/index.ru.md; content/news/2026-04-15-aerocool-sky-series-launch/index.md; content/news/2026-04-15-aerocool-sky-series-launch/index.ru.md; content/news/2026-04-18-aerocool-sky-360-launch/index.md; content/news/2026-04-18-aerocool-sky-360-launch/index.ru.md; content/news/2026-04-30-aerocool-sync4-sync5-mechanism-update/index.md; content/news/2026-04-30-aerocool-sync4-sync5-mechanism-update/index.ru.md; content/products/sky/_index.md; content/products/sky/_index.ru.md,0,,40,1,pending-production,pending-production,pending-production,pending-production,pending-production,ok
sky-series,Aerocool SKY,confirmed,ProductSeries,CollectionPage,/products/sky/,,https://aerocool.ua/products/sky/#collection,12,content/articles/sky-lite-vs-sky-360-guide/index.md; content/articles/sky-lite-vs-sky-360-guide/index.ru.md; content/articles/sky-vs-wing-vs-xtal/index.md; content/articles/sky-vs-wing-vs-xtal/index.ru.md; content/news/2026-04-15-aerocool-sky-series-launch/index.md; content/news/2026-04-15-aerocool-sky-series-launch/index.ru.md; content/products/sky/360/index.md; content/products/sky/360/index.ru.md; content/products/sky/_index.md; content/products/sky/_index.ru.md; content/products/sky/lite/index.md; content/products/sky/lite/index.ru.md,40,content/_index.md; content/_index.ru.md; content/about/index.md; content/about/index.ru.md; content/articles/_index.md; content/articles/_index.ru.md; content/articles/best-chair-for-home-office/index.md; content/articles/best-chair-for-home-office/index.ru.md; content/articles/chair-for-computer-work/index.md; content/articles/chair-for-computer-work/index.ru.md; content/articles/chair-for-posture-and-long-work/index.md; content/articles/chair-for-posture-and-long-work/index.ru.md; content/articles/chair-setup-after-purchase/index.md; content/articles/chair-setup-after-purchase/index.ru.md; content/articles/chairs-for-office-team/index.md; content/articles/chairs-for-office-team/index.ru.md; content/articles/gaming-chair-long-sessions/index.md; content/articles/gaming-chair-long-sessions/index.ru.md; content/articles/how-to-choose-aerocool-chair/index.md; content/articles/how-to-choose-aerocool-chair/index.ru.md; content/articles/how-to-choose-chair-by-adjustability/index.md; content/articles/how-to-choose-chair-by-adjustability/index.ru.md; content/articles/sync4-sync5-mechanism-guide/index.md; content/articles/sync4-sync5-mechanism-guide/index.ru.md; content/faq/index.md; content/faq/index.ru.md; content/news/2026-04-18-aerocool-sky-360-launch/index.md; content/news/2026-04-18-aerocool-sky-360-launch/index.ru.md; content/news/2026-04-19-aerocool-sky-lite-launch/index.md; content/news/2026-04-19-aerocool-sky-lite-launch/index.ru.md; content/news/2026-04-30-aerocool-sync4-sync5-mechanism-update/index.md; content/news/2026-04-30-aerocool-sync4-sync5-mechanism-update/index.ru.md; content/news/2026-05-21-aerocool-chair-selection-guides-update/index.md; content/news/2026-05-21-aerocool-chair-selection-guides-update/index.ru.md; content/news/2026-05-21-aerocool-practical-chair-guides-update/index.md; content/news/2026-05-21-aerocool-practical-chair-guides-update/index.ru.md; content/news/_index.md; content/news/_index.ru.md; content/products/_index.md; content/products/_index.ru.md,0,,120,1,pending-production,pending-production,pending-production,pending-production,pending-production,ok
sync4-mechanism,SYNC4,confirmed,Mechanism,DefinedTerm,/articles/sync4-sync5-mechanism-guide/,,https://aerocool.ua/articles/sync4-sync5-mechanism-guide/#sync4-mechanism,4,content/articles/sync4-sync5-mechanism-guide/index.md; content/articles/sync4-sync5-mechanism-guide/index.ru.md; content/news/2026-04-30-aerocool-sync4-sync5-mechanism-update/index.md; content/news/2026-04-30-aerocool-sync4-sync5-mechanism-update/index.ru.md,28,content/articles/_index.md; content/articles/_index.ru.md; content/articles/best-chair-for-home-office/index.md; content/articles/best-chair-for-home-office/index.ru.md; content/articles/chair-for-computer-work/index.md; content/articles/chair-for-computer-work/index.ru.md; content/articles/chair-for-posture-and-long-work/index.md; content/articles/chair-for-posture-and-long-work/index.ru.md; content/articles/chair-setup-after-purchase/index.md; content/articles/chair-setup-after-purchase/index.ru.md; content/articles/chairs-for-office-team/index.md; content/articles/chairs-for-office-team/index.ru.md; content/articles/how-to-choose-chair-by-adjustability/index.md; content/articles/how-to-choose-chair-by-adjustability/index.ru.md; content/articles/sky-lite-vs-sky-360-guide/index.md; content/articles/sky-lite-vs-sky-360-guide/index.ru.md; content/articles/sky-vs-wing-vs-xtal/index.md; content/articles/sky-vs-wing-vs-xtal/index.ru.md; content/articles/what-is-synchronous-tilt-guide/index.md; content/articles/what-is-synchronous-tilt-guide/index.ru.md; content/faq/index.md; content/faq/index.ru.md; content/news/2026-04-19-aerocool-sky-lite-launch/index.md; content/news/2026-04-19-aerocool-sky-lite-launch/index.ru.md; content/products/sky/_index.md; content/products/sky/_index.ru.md; content/products/sky/lite/index.md; content/products/sky/lite/index.ru.md,0,,104,36,pending-production,pending-production,pending-production,pending-production,pending-production,ok
sync5-mechanism,SYNC5,confirmed,Mechanism,DefinedTerm,/articles/sync4-sync5-mechanism-guide/,,https://aerocool.ua/articles/sync4-sync5-mechanism-guide/#sync5-mechanism,4,content/articles/sync4-sync5-mechanism-guide/index.md; content/articles/sync4-sync5-mechanism-guide/index.ru.md; content/news/2026-04-30-aerocool-sync4-sync5-mechanism-update/index.md; content/news/2026-04-30-aerocool-sync4-sync5-mechanism-update/index.ru.md,48,content/articles/_index.md; content/articles/_index.ru.md; content/articles/best-chair-for-home-office/index.md; content/articles/best-chair-for-home-office/index.ru.md; content/articles/chair-for-computer-work/index.md; content/articles/chair-for-computer-work/index.ru.md; content/articles/chair-for-posture-and-long-work/index.md; content/articles/chair-for-posture-and-long-work/index.ru.md; content/articles/chair-setup-after-purchase/index.md; content/articles/chair-setup-after-purchase/index.ru.md; content/articles/chairs-for-office-team/index.md; content/articles/chairs-for-office-team/index.ru.md; content/articles/gaming-chair-long-sessions/index.md; content/articles/gaming-chair-long-sessions/index.ru.md; content/articles/how-to-choose-chair-by-adjustability/index.md; content/articles/how-to-choose-chair-by-adjustability/index.ru.md; content/articles/sky-lite-vs-sky-360-guide/index.md; content/articles/sky-lite-vs-sky-360-guide/index.ru.md; content/articles/sky-vs-wing-vs-xtal/index.md; content/articles/sky-vs-wing-vs-xtal/index.ru.md; content/articles/what-is-dual-backrest/index.md; content/articles/what-is-dual-backrest/index.ru.md; content/articles/what-is-fully-replaceable-design/index.md; content/articles/what-is-fully-replaceable-design/index.ru.md; content/articles/what-is-synchronous-tilt-guide/index.md; content/articles/what-is-synchronous-tilt-guide/index.ru.md; content/faq/index.md; content/faq/index.ru.md; content/news/2026-04-16-aerocool-wing-series-launch/index.md; content/news/2026-04-16-aerocool-wing-series-launch/index.ru.md; content/news/2026-04-18-aerocool-sky-360-launch/index.md; content/news/2026-04-18-aerocool-sky-360-launch/index.ru.md; content/products/sky/360/index.md; content/products/sky/360/index.ru.md; content/products/sky/_index.md; content/products/sky/_index.ru.md; content/products/wing/_index.md; content/products/wing/_index.ru.md; content/products/wing/loft-air-dark-grey/index.md; content/products/wing/loft-air-dark-grey/index.ru.md; content/products/wing/loft-air-light-grey/index.md; content/products/wing/loft-air-light-grey/index.ru.md; content/products/wing/mesh-black/index.md; content/products/wing/mesh-black/index.ru.md; content/products/wing/racer-black/index.md; content/products/wing/racer-black/index.ru.md; content/products/wing/racer-dark-grey/index.md; content/products/wing/racer-dark-grey/index.ru.md,0,,154,56,pending-production,pending-production,pending-production,pending-production,pending-production,ok
synchronous-tilt,Synchronous Tilt,confirmed,Mechanism,DefinedTerm,/articles/what-is-synchronous-tilt/,,https://aerocool.ua/articles/what-is-synchronous-tilt/#synchronous-tilt,6,content/articles/sync4-sync5-mechanism-guide/index.md; content/articles/sync4-sync5-mechanism-guide/index.ru.md; content/articles/what-is-synchronous-tilt-guide/index.md; content/articles/what-is-synchronous-tilt-guide/index.ru.md; content/news/2026-04-30-aerocool-sync4-sync5-mechanism-update/index.md; content/news/2026-04-30-aerocool-sync4-sync5-mechanism-update/index.ru.md,64,content/articles/_index.md; content/articles/_index.ru.md; content/articles/best-chair-for-home-office/index.md; content/articles/best-chair-for-home-office/index.ru.md; content/articles/chair-for-computer-work/index.md; content/articles/chair-for-computer-work/index.ru.md; content/articles/chair-for-posture-and-long-work/index.md; content/articles/chair-for-posture-and-long-work/index.ru.md; content/articles/chair-setup-after-purchase/index.md; content/articles/chair-setup-after-purchase/index.ru.md; content/articles/chairs-for-office-team/index.md; content/articles/chairs-for-office-team/index.ru.md; content/articles/gaming-chair-long-sessions/index.md; content/articles/gaming-chair-long-sessions/index.ru.md; content/articles/how-to-choose-chair-by-adjustability/index.md; content/articles/how-to-choose-chair-by-adjustability/index.ru.md; content/articles/sky-lite-vs-sky-360-guide/index.md; content/articles/sky-lite-vs-sky-360-guide/index.ru.md; content/articles/sky-vs-wing-vs-xtal/index.md; content/articles/sky-vs-wing-vs-xtal/index.ru.md; content/articles/what-is-dual-backrest/index.md; content/articles/what-is-dual-backrest/index.ru.md; content/articles/what-is-fully-replaceable-design/index.md; content/articles/what-is-fully-replaceable-design/index.ru.md; content/articles/wing-vs-xtal-comparison/index.md; content/articles/wing-vs-xtal-comparison/index.ru.md; content/faq/index.md; content/faq/index.ru.md; content/news/2026-04-17-aerocool-xtal-series-launch/index.md; content/news/2026-04-17-aerocool-xtal-series-launch/index.ru.md; content/news/2026-04-18-aerocool-sky-360-launch/index.md; content/news/2026-04-18-aerocool-sky-360-launch/index.ru.md; content/news/2026-04-19-aerocool-sky-lite-launch/index.md; content/news/2026-04-19-aerocool-sky-lite-launch/index.ru.md; content/products/sky/360/index.md; content/products/sky/360/index.ru.md; content/products/sky/_index.md; content/products/sky/_index.ru.md; content/products/sky/lite/index.md; content/products/sky/lite/index.ru.md; content/products/wing/_index.md; content/products/wing/_index.ru.md; content/products/wing/loft-air-dark-grey/index.md; content/products/wing/loft-air-dark-grey/index.ru.md; content/products/wing/loft-air-light-grey/index.md; content/products/wing/loft-air-light-grey/index.ru.md; content/products/wing/mesh-black/index.md; content/products/wing/mesh-black/index.ru.md; content/products/wing/racer-black/index.md; content/products/wing/racer-black/index.ru.md; content/products/wing/racer-dark-grey/index.md; content/products/wing/racer-dark-grey/index.ru.md; content/products/xtal/_index.md; content/products/xtal/_index.ru.md; content/products/xtal/loft-air-dark-grey/index.md; content/products/xtal/loft-air-dark-grey/index.ru.md; content/products/xtal/loft-air-light-grey/index.md; content/products/xtal/loft-air-light-grey/index.ru.md; content/products/xtal/mesh-black/index.md; content/products/xtal/mesh-black/index.ru.md; content/products/xtal/racer-black/index.md; content/products/xtal/racer-black/index.ru.md; content/products/xtal/racer-dark-grey/index.md; content/products/xtal/racer-dark-grey/index.ru.md,0,,196,74,pending-production,pending-production,pending-production,pending-production,pending-production,ok
warranty-policy,Warranty,confirmed,Policy,WarrantyPromise,/faq/,Aerocool Ukraine,https://aerocool.ua/faq/#warranty-policy,2,content/faq/index.md; content/faq/index.ru.md,26,content/contact/index.md; content/contact/index.ru.md; content/products/sky/360/index.md; content/products/sky/360/index.ru.md; content/products/sky/lite/index.md; content/products/sky/lite/index.ru.md; content/products/wing/loft-air-dark-grey/index.md; content/products/wing/loft-air-dark-grey/index.ru.md; content/products/wing/loft-air-light-grey/index.md; content/products/wing/loft-air-light-grey/index.ru.md; content/products/wing/mesh-black/index.md; content/products/wing/mesh-black/index.ru.md; content/products/wing/racer-black/index.md; content/products/wing/racer-black/index.ru.md; content/products/wing/racer-dark-grey/index.md; content/products/wing/racer-dark-grey/index.ru.md; content/products/xtal/loft-air-dark-grey/index.md; content/products/xtal/loft-air-dark-grey/index.ru.md; content/products/xtal/loft-air-light-grey/index.md; content/products/xtal/loft-air-light-grey/index.ru.md; content/products/xtal/mesh-black/index.md; content/products/xtal/mesh-black/index.ru.md; content/products/xtal/racer-black/index.md; content/products/xtal/racer-black/index.ru.md; content/products/xtal/racer-dark-grey/index.md; content/products/xtal/racer-dark-grey/index.ru.md,0,,56,28,pending-production,pending-production,pending-production,pending-production,pending-production,ok
wing-loft-air-dark-grey,Aerocool WING Loft Air Dark Grey,confirmed,ProductVariant,Product,/products/wing/loft-air-dark-grey/,,https://aerocool.ua/products/wing/loft-air-dark-grey/#product,2,content/products/wing/loft-air-dark-grey/index.md; content/products/wing/loft-air-dark-grey/index.ru.md,8,content/articles/what-is-dual-backrest/index.md; content/articles/what-is-dual-backrest/index.ru.md; content/news/2026-04-16-aerocool-wing-series-launch/index.md; content/news/2026-04-16-aerocool-wing-series-launch/index.ru.md; content/news/2026-04-20-aerocool-loft-air-and-mesh-focus/index.md; content/news/2026-04-20-aerocool-loft-air-and-mesh-focus/index.ru.md; content/products/wing/_index.md; content/products/wing/_index.ru.md,0,,24,1,pending-production,pending-production,pending-production,pending-production,pending-production,ok
wing-loft-air-light-grey,Aerocool WING Loft Air Light Grey,confirmed,ProductVariant,Product,/products/wing/loft-air-light-grey/,,https://aerocool.ua/products/wing/loft-air-light-grey/#product,2,content/products/wing/loft-air-light-grey/index.md; content/products/wing/loft-air-light-grey/index.ru.md,6,content/news/2026-04-16-aerocool-wing-series-launch/index.md; content/news/2026-04-16-aerocool-wing-series-launch/index.ru.md; content/news/2026-04-20-aerocool-loft-air-and-mesh-focus/index.md; content/news/2026-04-20-aerocool-loft-air-and-mesh-focus/index.ru.md; content/products/wing/_index.md; content/products/wing/_index.ru.md,0,,20,1,pending-production,pending-production,pending-production,pending-production,pending-production,ok
wing-loft-air-product-group,Aerocool WING Loft Air,confirmed,ProductGroup,ProductGroup,/products/wing/,,https://aerocool.ua/products/wing/#wing-loft-air-product-group,0,,0,,4,content/products/wing/loft-air-dark-grey/index.md; content/products/wing/loft-air-dark-grey/index.ru.md; content/products/wing/loft-air-light-grey/index.md; content/products/wing/loft-air-light-grey/index.ru.md,8,4,pending-production,pending-production,pending-production,pending-production,pending-production,active ProductGroup
wing-mesh-black,Aerocool WING Mesh Black,confirmed,Product,Product,/products/wing/mesh-black/,,https://aerocool.ua/products/wing/mesh-black/#product,2,content/products/wing/mesh-black/index.md; content/products/wing/mesh-black/index.ru.md,8,content/articles/what-is-dual-backrest/index.md; content/articles/what-is-dual-backrest/index.ru.md; content/news/2026-04-16-aerocool-wing-series-launch/index.md; content/news/2026-04-16-aerocool-wing-series-launch/index.ru.md; content/news/2026-04-20-aerocool-loft-air-and-mesh-focus/index.md; content/news/2026-04-20-aerocool-loft-air-and-mesh-focus/index.ru.md; content/products/wing/_index.md; content/products/wing/_index.ru.md,0,,20,1,pending-production,pending-production,pending-production,pending-production,pending-production,ok
wing-racer-black,Aerocool WING Racer Black,confirmed,ProductVariant,Product,/products/wing/racer-black/,,https://aerocool.ua/products/wing/racer-black/#product,2,content/products/wing/racer-black/index.md; content/products/wing/racer-black/index.ru.md,6,content/articles/what-is-dual-backrest/index.md; content/articles/what-is-dual-backrest/index.ru.md; content/news/2026-04-16-aerocool-wing-series-launch/index.md; content/news/2026-04-16-aerocool-wing-series-launch/index.ru.md; content/products/wing/_index.md; content/products/wing/_index.ru.md,0,,20,1,pending-production,pending-production,pending-production,pending-production,pending-production,ok
wing-racer-dark-grey,Aerocool WING Racer Dark Grey,confirmed,ProductVariant,Product,/products/wing/racer-dark-grey/,,https://aerocool.ua/products/wing/racer-dark-grey/#product,2,content/products/wing/racer-dark-grey/index.md; content/products/wing/racer-dark-grey/index.ru.md,4,content/news/2026-04-16-aerocool-wing-series-launch/index.md; content/news/2026-04-16-aerocool-wing-series-launch/index.ru.md; content/products/wing/_index.md; content/products/wing/_index.ru.md,0,,16,1,pending-production,pending-production,pending-production,pending-production,pending-production,ok
wing-racer-product-group,Aerocool WING Racer,confirmed,ProductGroup,ProductGroup,/products/wing/,,https://aerocool.ua/products/wing/#wing-racer-product-group,0,,0,,4,content/products/wing/racer-black/index.md; content/products/wing/racer-black/index.ru.md; content/products/wing/racer-dark-grey/index.md; content/products/wing/racer-dark-grey/index.ru.md,8,4,pending-production,pending-production,pending-production,pending-production,pending-production,active ProductGroup
wing-series,Aerocool WING,confirmed,ProductSeries,CollectionPage,/products/wing/,,https://aerocool.ua/products/wing/#collection,20,content/articles/sky-vs-wing-vs-xtal/index.md; content/articles/sky-vs-wing-vs-xtal/index.ru.md; content/articles/what-is-dual-backrest/index.md; content/articles/what-is-dual-backrest/index.ru.md; content/articles/wing-vs-xtal-comparison/index.md; content/articles/wing-vs-xtal-comparison/index.ru.md; content/news/2026-04-16-aerocool-wing-series-launch/index.md; content/news/2026-04-16-aerocool-wing-series-launch/index.ru.md; content/products/wing/_index.md; content/products/wing/_index.ru.md; content/products/wing/loft-air-dark-grey/index.md; content/products/wing/loft-air-dark-grey/index.ru.md; content/products/wing/loft-air-light-grey/index.md; content/products/wing/loft-air-light-grey/index.ru.md; content/products/wing/mesh-black/index.md; content/products/wing/mesh-black/index.ru.md; content/products/wing/racer-black/index.md; content/products/wing/racer-black/index.ru.md; content/products/wing/racer-dark-grey/index.md; content/products/wing/racer-dark-grey/index.ru.md,36,content/_index.md; content/_index.ru.md; content/about/index.md; content/about/index.ru.md; content/articles/_index.md; content/articles/_index.ru.md; content/articles/best-chair-for-home-office/index.md; content/articles/best-chair-for-home-office/index.ru.md; content/articles/chair-for-computer-work/index.md; content/articles/chair-for-computer-work/index.ru.md; content/articles/chair-for-posture-and-long-work/index.md; content/articles/chair-for-posture-and-long-work/index.ru.md; content/articles/chair-setup-after-purchase/index.md; content/articles/chair-setup-after-purchase/index.ru.md; content/articles/chairs-for-office-team/index.md; content/articles/chairs-for-office-team/index.ru.md; content/articles/gaming-chair-long-sessions/index.md; content/articles/gaming-chair-long-sessions/index.ru.md; content/articles/how-to-choose-aerocool-chair/index.md; content/articles/how-to-choose-aerocool-chair/index.ru.md; content/articles/how-to-choose-chair-by-adjustability/index.md; content/articles/how-to-choose-chair-by-adjustability/index.ru.md; content/articles/sync4-sync5-mechanism-guide/index.md; content/articles/sync4-sync5-mechanism-guide/index.ru.md; content/faq/index.md; content/faq/index.ru.md; content/news/2026-04-30-aerocool-sync4-sync5-mechanism-update/index.md; content/news/2026-04-30-aerocool-sync4-sync5-mechanism-update/index.ru.md; content/news/2026-05-21-aerocool-chair-selection-guides-update/index.md; content/news/2026-05-21-aerocool-chair-selection-guides-update/index.ru.md; content/news/2026-05-21-aerocool-practical-chair-guides-update/index.md; content/news/2026-05-21-aerocool-practical-chair-guides-update/index.ru.md; content/news/_index.md; content/news/_index.ru.md; content/products/_index.md; content/products/_index.ru.md,0,,130,1,pending-production,pending-production,pending-production,pending-production,pending-production,ok
xtal-loft-air-dark-grey,Aerocool XTAL Loft Air Dark Grey,confirmed,ProductVariant,Product,/products/xtal/loft-air-dark-grey/,,https://aerocool.ua/products/xtal/loft-air-dark-grey/#product,2,content/products/xtal/loft-air-dark-grey/index.md; content/products/xtal/loft-air-dark-grey/index.ru.md,8,content/articles/what-is-fully-replaceable-design/index.md; content/articles/what-is-fully-replaceable-design/index.ru.md; content/news/2026-04-17-aerocool-xtal-series-launch/index.md; content/news/2026-04-17-aerocool-xtal-series-launch/index.ru.md; content/news/2026-04-20-aerocool-loft-air-and-mesh-focus/index.md; content/news/2026-04-20-aerocool-loft-air-and-mesh-focus/index.ru.md; content/products/xtal/_index.md; content/products/xtal/_index.ru.md,0,,24,1,pending-production,pending-production,pending-production,pending-production,pending-production,ok
xtal-loft-air-light-grey,Aerocool XTAL Loft Air Light Grey,confirmed,ProductVariant,Product,/products/xtal/loft-air-light-grey/,,https://aerocool.ua/products/xtal/loft-air-light-grey/#product,2,content/products/xtal/loft-air-light-grey/index.md; content/products/xtal/loft-air-light-grey/index.ru.md,6,content/news/2026-04-17-aerocool-xtal-series-launch/index.md; content/news/2026-04-17-aerocool-xtal-series-launch/index.ru.md; content/news/2026-04-20-aerocool-loft-air-and-mesh-focus/index.md; content/news/2026-04-20-aerocool-loft-air-and-mesh-focus/index.ru.md; content/products/xtal/_index.md; content/products/xtal/_index.ru.md,0,,20,1,pending-production,pending-production,pending-production,pending-production,pending-production,ok
xtal-loft-air-product-group,Aerocool XTAL Loft Air,confirmed,ProductGroup,ProductGroup,/products/xtal/,,https://aerocool.ua/products/xtal/#xtal-loft-air-product-group,0,,0,,4,content/products/xtal/loft-air-dark-grey/index.md; content/products/xtal/loft-air-dark-grey/index.ru.md; content/products/xtal/loft-air-light-grey/index.md; content/products/xtal/loft-air-light-grey/index.ru.md,8,4,pending-production,pending-production,pending-production,pending-production,pending-production,active ProductGroup
xtal-mesh-black,Aerocool XTAL Mesh Black,confirmed,Product,Product,/products/xtal/mesh-black/,,https://aerocool.ua/products/xtal/mesh-black/#product,2,content/products/xtal/mesh-black/index.md; content/products/xtal/mesh-black/index.ru.md,8,content/articles/what-is-fully-replaceable-design/index.md; content/articles/what-is-fully-replaceable-design/index.ru.md; content/news/2026-04-17-aerocool-xtal-series-launch/index.md; content/news/2026-04-17-aerocool-xtal-series-launch/index.ru.md; content/news/2026-04-20-aerocool-loft-air-and-mesh-focus/index.md; content/news/2026-04-20-aerocool-loft-air-and-mesh-focus/index.ru.md; content/products/xtal/_index.md; content/products/xtal/_index.ru.md,0,,20,1,pending-production,pending-production,pending-production,pending-production,pending-production,ok
xtal-racer-black,Aerocool XTAL Racer Black,confirmed,ProductVariant,Product,/products/xtal/racer-black/,,https://aerocool.ua/products/xtal/racer-black/#product,2,content/products/xtal/racer-black/index.md; content/products/xtal/racer-black/index.ru.md,4,content/news/2026-04-17-aerocool-xtal-series-launch/index.md; content/news/2026-04-17-aerocool-xtal-series-launch/index.ru.md; content/products/xtal/_index.md; content/products/xtal/_index.ru.md,0,,16,1,pending-production,pending-production,pending-production,pending-production,pending-production,ok
xtal-racer-dark-grey,Aerocool XTAL Racer Dark Grey,confirmed,ProductVariant,Product,/products/xtal/racer-dark-grey/,,https://aerocool.ua/products/xtal/racer-dark-grey/#product,2,content/products/xtal/racer-dark-grey/index.md; content/products/xtal/racer-dark-grey/index.ru.md,6,content/articles/what-is-fully-replaceable-design/index.md; content/articles/what-is-fully-replaceable-design/index.ru.md; content/news/2026-04-17-aerocool-xtal-series-launch/index.md; content/news/2026-04-17-aerocool-xtal-series-launch/index.ru.md; content/products/xtal/_index.md; content/products/xtal/_index.ru.md,0,,20,1,pending-production,pending-production,pending-production,pending-production,pending-production,ok
xtal-racer-product-group,Aerocool XTAL Racer,confirmed,ProductGroup,ProductGroup,/products/xtal/,,https://aerocool.ua/products/xtal/#xtal-racer-product-group,0,,0,,4,content/products/xtal/racer-black/index.md; content/products/xtal/racer-black/index.ru.md; content/products/xtal/racer-dark-grey/index.md; content/products/xtal/racer-dark-grey/index.ru.md,8,4,pending-production,pending-production,pending-production,pending-production,pending-production,active ProductGroup
xtal-series,Aerocool XTAL,confirmed,ProductSeries,CollectionPage,/products/xtal/,,https://aerocool.ua/products/xtal/#collection,20,content/articles/sky-vs-wing-vs-xtal/index.md; content/articles/sky-vs-wing-vs-xtal/index.ru.md; content/articles/what-is-fully-replaceable-design/index.md; content/articles/what-is-fully-replaceable-design/index.ru.md; content/articles/wing-vs-xtal-comparison/index.md; content/articles/wing-vs-xtal-comparison/index.ru.md; content/news/2026-04-17-aerocool-xtal-series-launch/index.md; content/news/2026-04-17-aerocool-xtal-series-launch/index.ru.md; content/products/xtal/_index.md; content/products/xtal/_index.ru.md; content/products/xtal/loft-air-dark-grey/index.md; content/products/xtal/loft-air-dark-grey/index.ru.md; content/products/xtal/loft-air-light-grey/index.md; content/products/xtal/loft-air-light-grey/index.ru.md; content/products/xtal/mesh-black/index.md; content/products/xtal/mesh-black/index.ru.md; content/products/xtal/racer-black/index.md; content/products/xtal/racer-black/index.ru.md; content/products/xtal/racer-dark-grey/index.md; content/products/xtal/racer-dark-grey/index.ru.md,36,content/_index.md; content/_index.ru.md; content/about/index.md; content/about/index.ru.md; content/articles/_index.md; content/articles/_index.ru.md; content/articles/best-chair-for-home-office/index.md; content/articles/best-chair-for-home-office/index.ru.md; content/articles/chair-for-computer-work/index.md; content/articles/chair-for-computer-work/index.ru.md; content/articles/chair-for-posture-and-long-work/index.md; content/articles/chair-for-posture-and-long-work/index.ru.md; content/articles/chair-setup-after-purchase/index.md; content/articles/chair-setup-after-purchase/index.ru.md; content/articles/chairs-for-office-team/index.md; content/articles/chairs-for-office-team/index.ru.md; content/articles/gaming-chair-long-sessions/index.md; content/articles/gaming-chair-long-sessions/index.ru.md; content/articles/how-to-choose-aerocool-chair/index.md; content/articles/how-to-choose-aerocool-chair/index.ru.md; content/articles/how-to-choose-chair-by-adjustability/index.md; content/articles/how-to-choose-chair-by-adjustability/index.ru.md; content/articles/sync4-sync5-mechanism-guide/index.md; content/articles/sync4-sync5-mechanism-guide/index.ru.md; content/faq/index.md; content/faq/index.ru.md; content/news/2026-04-30-aerocool-sync4-sync5-mechanism-update/index.md; content/news/2026-04-30-aerocool-sync4-sync5-mechanism-update/index.ru.md; content/news/2026-05-21-aerocool-chair-selection-guides-update/index.md; content/news/2026-05-21-aerocool-chair-selection-guides-update/index.ru.md; content/news/2026-05-21-aerocool-practical-chair-guides-update/index.md; content/news/2026-05-21-aerocool-practical-chair-guides-update/index.ru.md; content/news/_index.md; content/news/_index.ru.md; content/products/_index.md; content/products/_index.ru.md,0,,130,1,pending-production,pending-production,pending-production,pending-production,pending-production,ok
